content,label
empresário dilmar silva flagrar relatar feira haver pequeno deslizamento morro contar revendedora retirar veículo material durante dia balançou árvore frente avisar telefone mão dar cair triste susto levei hora recuperar dizer conforme empresário revendedora frente homem passar carro sair hora grito deixar carro correr veículo chegar atingir correu pedra barro pra dizer defesa civil município confirmar veracidade vídeo informar sentido rua interditar contar chuva adilson oliveira coordenador órgão região casa interditar região oeste afetar chuva feira santa catarina diversos município alagamento deslizamento rua interditar queda árvor vale itajaí atingir pessoa morrer tornado defesa civil confirmar fenômeno rajar km hvídeos carro arrastar cachoeira rodover estrado interditar rua rio cidade sc atinger enchente mau causar influência frente fria fluxo calor umidade região amazônico haver risco temporal chuva volumoso rajada vento enxurrar longo dia chuva persistente volumoso sábado, 0
semana incêndio pantanal chegar rodovia transpantaneira ligar município poconé km cuiabá porto jofre divisa mato grosso mato grosso sul entanto bioma queimar haver dia estar fogo consumir milhão hectare biodiversidade triplo registrar ano inteiro mau novembro incêndio ano chuva efeito el niño explicar recorde foco fogo pleno período chuvoso outubro março especialista acordo meteorologista guilherme borges existir região isolar atribuir culpa incêndio ação humano pancada chuva região acumular valor significativo geralmente acompanhar raio raio atingir solo entrar contato vegetação seco favorecer ocorrência queimar outro fator importante vento ajudar espalhar fogo facilidade explicar temperatura tender ficar elevado chuva ocorrer maneira irregular pancada associar forte calor acumular valor significativo poder combater foco incêndio coordenador inteligência territorial instituto centro vida icv vinícius silgueiro dizer situação atual incêndio claro indicativo mudança climático curso dar revelar redução período chuva agravar ano fenômeno el niño resultar significativo aumento temperatura situação bioma pantaneiro mato grossense incêndio poconé ser município líder queimar mato grosso município queimar dizer terra indígena tereza cristina parque estadual encontro águas parque nacional pantanal mato grossense fazenda estância dorochê terra indígena kadiweu fazenda rio negro poleiro terra indígena baía guató serra araras outro registro sapo refrescar água oferecer equipe resgatar água cair garrafa agua voluntário segurar outro animal mão zoóloga chorar retomar incêndio parque estadual encontro águas mt triste fotos concentração onça pintar mundo turístico destruír incêndio pantanal mtzoóloga registrar anta fugir incêndio destruir hectare parque pantanal mt onça pintar jacaré tuiuiú ipê jacarandá integrante representar pantanal atuar regulador natural enchente absorvir armazenar água durante período chuvoso pantanal funcionar reservatório água doce altitude alcançar metro recurso hidrológico importante abastecimento cidade viver aproximadamente milhão pessoa brasil bolívia paraguai, 0
incêndio atingir pantanal haver dia avançar parque pantanal encontro águas chegar rodovia transpantaneira principal via acesso bioma mato grosso ligar poconé km cuiabá porto jofre divisa mato grosso sul fogo consumir milhão hectare bioma triplo registrar inteiro novembro foco fogo agente trabalhar apagar chama ler abaixo biólogo gustavo figueiroa diretor projeto sos pantanal dizer situação controle imagens registrar voluntário bombeiro brigadista mostrar flora fauna destruir pantanal bioma ter animal hoje gente chegar nesses tar difícil encontrar animal vivo infelizmente gente vivenciar cemitério céu abrir fauna flora pagar vida preço imprudência ser humanos destacar anderson especialista pedir pessoa estar transitar rodovia ter prudência manter velocidade reduzir animal tentar fugir fogo atravessar via eventualmente atropelar terra indígena tereza cristina parque estadual encontro águas parque nacional pantanal mato grossense fazenda estância dorochê terra indígena kadiweu fazenda rio negro poleiro terra indígena baía guató serra araras mato grosso sul fogo avançar br hóspede brigadista alocar em esse área precisar sair pressa outro registro sapo refrescar água oferecer equipe resgatar água cair garrafa agua voluntário segurar outro animal mão zoóloga americano abigail martin fundador projeto jaguar identification estudar comportamento onça pintar região porto jofre registrar anta fogir incêndio onço pintar batizar patrícia acompanhar filhote naurú yanomami vistar caminhar sozinha cinza incêndio filhote incêndios pantanal tomar conta br motorista atravessar corredor fogo vídeozoóloga chorar retomar incêndio parque estadual encontro águas mt triste pantanal fogo devastar quase rio primeiro dia novembro foco mau registro série histórico instituto nacional pesquisas espaciais inpe série dar decreto emergência ambiental reforçar ação combater incêndio pantanal domingo governo federal enviar brigadista combater incêndio total agente metro recurso hidrológico importante abastecimento cidade viver aproximadamente milhão pessoa brasil bolívia paraguai, 0
haver pantanal arder chama foco calor principal resíduo fogo fumaça espalhar região bioma imagens captar satélite mostrar avanço névoa região sul sudeste país imagem satélites programa queimadas instituto nacional pesquisas espaciais inpe névoa fumaça avançar principalmente paulo paraná santa catarina norte rio sul doutor geofísica espacial professor instituto física universidade federal mato grosso sul ufms widinei alves fernandes explicar corredor nuvem facilitar chegada névoa estar brasileiro país fronteiriço paraguai bolívia aumento fumaçar devido chegada plum decorrência queimar ocorrer pantanal amazônia mostrar poluição ar problema transfronteiriço ser região relativamente distante impactar região identificamos condição moderar aumentar poder chegar concentração ruim detalhar pesquisador meteorologista centro monitoramento clima mato grosso sul cemtec ms vinicius sterling explicar avanço névoa fumaça pantanal maximizar incêndio amazônia fumaça chegar estar pantanal influência amazônia situação maximizar mato grosso sul região amazônia boliviano haver foco calor contribuir chegada fumaça estar principalmente ms detalhar especialista clima campo qualidade ar piorar último dia névoa incêndio pantanal concentrar densa mato grosso sul feira diversos cidade amanhecer encoberto fumaça causar fogo bioma vídeo acima campo estação monitoramento qualidade ar ufms conferir qualidade ar respirar último semana aumento incêndio pantanal levantamento ver mudança drástico situação capital situação ar classificar início semana medição mudar moderar professor widinei alves fernandes explicar prognóstico futuro motivador situação agravar entrar faixa moderar dever tomar cuidado último atualização fazer apontar caminhar mau qualidade ar faixa moderar estar entrar ruim campo detalhar pesquisador levantamento qualidade ar medida campo entretanto situação capital imagem satélite pesquisador conseguir piora ar corumbá provavelmente situação mau cidade região pantanal ar debilitar redução visibilidade campo existir praticamente região le este região afetar central oeste especialista ufms explicar fumaça queimar carregar partícula fino possuir origem combustão incêndio fluxo veículo diariamente medição grande concentração partícula manhã carro rua campo entanto principalmente período noturno concentração de esse partícula aumentar significativo saímos faixa considerar classificar índice representar concentração de esse partícula índice subir condição moderar último hora aumentar dia concentração fumaça ar uso máscarar proteção facial recomendar partícula combustão fino inalação de este pequeno resquício fogo evitar máscara comentar especialista, 0
ato feira peronista sergio massa ultraliberal javier milei centrar discurso convencer eleitor indeciso determinante resultado cenário incerto estamos campanha agressivo presenciar sociedade ficar polarizado declarar afp paola zubán diretorar consultoria zubán córdoba asociados prever resultado apertar será eleição voto votar fechar campanha sergio massa optar série ato buenos aires direcionar jovem idoso conversou estudante escola centro capital visitar idoso ano candidato opositor liderar comício companhia patrícia bullrich candidata terminar turno eleição dias declarar milei durante campanha turno javier milei polêmico candidato definir anarcocapitalista prometer dolarizar economia propor diminuir papel área saúde educação tentar moderar tom sergio massa candidato peronista apoiar governo atual titular pasta economia buscar sair alvo ataque marcar campanha turno principalmente comandar pasta economia durante crise econômico grave história recente país debate candidato domingo especialista imprensar país indicar vitória claro sergio massa adotar tom sóbrio desafiador colocar milei parede conseguir desmontar argumento rival raivoso conseguir concluir próprio argumento feira hora encerramento oficial campanha eleitoral partido milei denunciar justiça eleitoral argentina suposto tentativa fraudar urna durante turno força policial país sergio massa sandra cohen massa inverter papel desconstruir milei debate argentinoreflexos brasil vitória milei impactar argentina rede interesse falar alto avaliar fonte itamaraty, 0
circula rede social vídeo mostrar homem aspirar pó branco legendas afirmar pó branco cocaína homem sergio massa candidato turno eleição presidencial argentina mostrar outro homem aspirar pó branco montagem vídeo antigo imagem fundo homem som idêntico massa concorrer turno disputar presidencial marcar novembro javier milei candidato populista definir libertário agosto haver vencer votação primário banco ligar mandar mensagem pedir efetuar algum transação confirmação dar senha redobre atenção golpe discurso golpe funcionário mascarar criminoso passar instituição financeiro saiba identificá lo cair em ele texto mentiroso circular internet desmenter jean wyllys rede social haver filme nome conteúdo listar projeto lei rouanet registro base dar cinema ter ser lançar, 0
ex diretor polícia civil distrito federal robson cândido responder stalking perseguição violência psicológico descumprimento medida protetivo urgência peculato participação corrupção passivo participação interceptação telemático ilegal violação sigilo funcional delegado thiago peralva titular dp ter ajudar diretor pcdf crime responder participação stalking corrupção passivo interceptação telemático ilegal cumprir prisão domiciliar tornozeleira eletrônico justiça distrito federal aceitar feira denúncia ex delegado chefe polícia civil distrito federal robson cândido perseguir ex amante prender dia novembro detalhe abaixo robson cândido stalking perseguição violência psicológico descumprimento medida protetivo urgência peculato participação corrupção passivo participação interceptação telemático ilegal violação sigilo funcional thiago peralva participação stalking corrupção passivo interceptação telemático ilegal prisão robson cândido cumprir ministério público distrito federal mpdft cumprir mandado busca apreensão delegacia polícia casa delegar thiago peralva robson cândido apreender celular notebook pendrive corregedoria pcdf acompanhar busca delegacia delegado deixar direção polícia civil acusar crime relacionar lei maria penha investigação estrutura polícia civil viatura descaracterizar celular corporativo carro oficial usar fim ilícito particular promotor investigar operação interceptar ligação telefônico ex amante robson cândido monitorar localização de ela real ter ser praticar crime stalking violência psicológico apontar investigação ministério público afirmar ex delegado delegacia polícia thiago peralva ter inserir mulher interceptação telefônico curso apurar crime tráfico droga operação coordenar núcleo investigação controle externo atividade policial atuação especial combate crime organizado centro inteligência mpdft, 0
leandro trusko machado encontrar matar casa alto padrão zona norte paulo suspeita homicídio ter ser balear foto davi irikura tv globo reprodução arquivo pessoal contador encontrar matar família manhã feira casa alto padrão morar zona norte paulo leandro trusko machado achar corredor residência ferimento rosto peito suspeitar ter ser balear aparentemente nenhum pertencer vítima levar polícia civil investigar caso registrar homicídio distrito policial dp casa verde investigação ser fazer departamento estadual homicídios proteção pessoa dhpp último atualização reportagem nenhum suspeito crime haver ser identificar prender arma crime encontrar haver marca disparo parede secretaria segurança pública ssp parente leandro contar polícia resolver imóvel contador parar responder mensagem encontrar mãe irmão manobra socorro reanimá lo corpo bombeiros chegar constatar óbito de ele investigação buscar câmera imóvel vizinhança poder gravar entrada saída algum suspeito assassinato leandro residência de ele ficar rua locarno bairro jardim leonor mendes barro princípio segurança casa estar desligado crime razão energia região solicitar perícia exame necroscópico toxicológico sexológico material genético investigação prosseguir esclarecer fato informar trecho nota divulgar pasta segurança assessoria imprenso vizinhos contar policial virar homem suspeito passar carro hyundai hb, 0
relatos vítimo médico wesley murakami condenar ano prisão deformar paciente demonstrar agiu depoimento divulgar sentença denunciante detalhar problema causar procedimento forte dor desmaio depressão nota defesa médico afirmar respeitar decisão judiciário adotar medida judicial cabível caso advogado andré bueno informar cliente responder processo liberdade paciente dizer sentir dor procedimento conseguir comer escovar dente homem contar wesley garantir ficar parecido ator cauã reymond acontecer conta vergonha sair casa empresa falir justiça condenar médico crime lesão corporal gravíssimo vítima entanto sentença haver depoimento paciente denunciar complicação uso pmma médico acusar deformar rosto paciente condenar ano prisãomédico condenar deformar rosto paciente receber denúncia polícia goiás crm suspensomédico condenar deformar rosto paciente inchaço procedimento normal acabar paciente contar procedimento estético contratar demorar cerca hora médico pedir tomar água açúcar começar dizer sentir muito dor anestésico vítimas contar médico cobrar procedimento rosto de ela narrar ficar inchado rosto desconfigurar apesar wesley ter dizer normal ir normalizar depoimento paciente relembrar médico cobrar procedimento facial sessão dizer tomar água açúcar coberta cobertor aliviar dor frio perceber desmaiar durante procedimento médico dar leve tapa rosto chamar anjo anjo preciso fiquar acordar terminarmos procedimento descrever relato ficar deformado procedimento paciente descrever quadro problema psicológico depressão sentença apontar mulher chegar relacionamento wesley tentar tirar próprio vida conseguir olhar espelho declarante ficar impactado chorar reclamar ter combinar wesley insistir dever confiar em ele causar sofrimento declarante família mãe episódio desmaio dia chegar pós aplicação produto sentença vítima relatar procurar médico corrigir ruga expressão região olho convencer dever procedimento bioplastia facial custar durante sessão mulher atender wesley em ele ficar rosto inchar paciente receber promessa tornar ator cauã reymond dizer querer procedimento facial custar total wesley ter oferecer permuta vítima ter rosto perfeito troca serviço publicidade vítima relatar sofrer entrar depressão entrar falência empresa ter coragem colocar cara cara declarante ficar totalmente anti social vergonha comparar monstro mexeu psicológico narrar sentença diverso relato comum traço ficar procedimento mulher dizer parar aumentar bumbum durante sessão queimadur grau causar produto durante aplicação declarante sentir muito dor começar perder sentido wesley passar procedimento fazer declarante tomar água açúcar declarar documento paciente dizer insuficiência respiratório momentâneo fazer médico colocar balão oxigênio dias diagnosticar quadro grave infecção glúteo documento vítima médico ser mulher homem sofrer quadro depressivo física psicológico atingir gravemente caso acontecer cliente ficar sequela procedimento estético condenar pagar quase causa problema, 0
advogado franco brasileira explicar frança termo representar trabalho declarar empregador respeitar formalidade legal impor legislação trabalhista francês inicialmente jogador ser processar âmbito trabalhista travail dissimulé delito prever código penal francês penar ano prisão euros multar jogador neymar ser acusar ex funcionária empregá la ilegalmente quase ano frança período atuar paris saint germain mulher brasileiro pedir indenização euros milhão acordo jornal francês neymar ser acusar travail dissimulé tradução simples significar trabalho oculto conversar advogado franco brasileira entender termo representar legislação país europeu correto trabalho dissimular trabalho declarar empregador respeitar formalidade legal impor legislação trabalhista francês declarar emprego órgão social emitir folha pagamento etc explicar maria isabel garcia santos nivault sócia fundador escritório gv paris avocats conforme reportagem le parisien inicialmente neymar ser processar âmbito trabalhista processo encaminhar tribunal trabalho prud homale saint germain en laye entanto maria isabel nivault explicar aspecto trabalhista trabalho dissimular delito prever código penal francês penar ano prisão euros multar jornal francês ex funcionária ameaçar levar caso tribunal criminal justiça trabalho fato alegar empregar ser verdadeiro neymar vir condenar pagar direito trabalhista respeitar féria hora extro majorar acima jornada hora semana dia repouso semanal obrigatório previdência social cotização recolher comentar advogado existeer convenção coletivo empregado doméstico emprego declarar haver on line simples cesu declaração mensal hora trabalhar hora extre o empregador beneficiar crédito fiscal pagar empregar remuneração cotização social limite euros ano visar incentivar empregador declarar empregado doméstico explicar ex funcionária definir reportagem sans papier expressão significar advogado franco brasileiro pessoa autorização legal residir trabalhar frança advogado explicar funcionária vir responder delito fato situação ilegal frança tirar obrigação empregador registrá la formalmente empregado doméstico respeitar direito trabalhista brasil conceito trabalho oculto utilizar designar atividade laboral desenvolvir maneira disfarçar ilegalmente deixar remunerar empregador explicar advogado trabalhista joão guilherme walski almeida escritório andersen ballão advocacia muito associar trabalho residência muito dificultar severamente vigilância comunidade sociedade instituição público voltar defesa direito humanos acrescentar alexandre fragoso especialista direito trabalho sócio escritório briganti advogados walski haver brasil dispositivo legal tratar objetivamente trabalho oculto característica hora extro remunerar implicar responsabilização empregador esfera trabalhista legislação brasileiro determinar empregado doméstico obrigatório registro contrato trabalho carteira trabalho previdência social pena condenar justiça trabalho registro completar fragoso vendedor externo ganhar milhão hora extras provar justiça empresa controlar jornada entendaemprês condenar indenizar funcionário colocar catraca biometrio acesso banheiro, 0
taylor swift pronto encarar show brasil the eras tour hora meia cantora americano passar grande sucesso carreira cantar rio feira dia novembro paulo dia novembro sucesso cruel summer you belong with look what you made all too well cardigan bad blood anti hero karma esperar participação plateio faixa público entoar coro conversa loirinho direto palco taylor cantar get so high ohevery time you re every time you re lovin meyou re lovin metrip of my life ohevery time you re every time you re touchin meyou re touchin meevery time you re every time you re lovin meplateiatake to church backing vocals oh lord save my drug is my baby taylor cantar they say all well that ends wellbut in new hell every timeyou double crossr my mindyou said if we had been closer in agemaybe it would ve been fineplateia how that make you feel taylor and that made want to die, 0
cantora dulce maría rbd compartilhar rede social diagnosticar bronquite doença inflamatório atingir respiratório publicação preocupar fã turnêr brasil show próximo dia dulce roberta novela rebelde destaque vocal contar fã gripe viral quadro agravar evoluir bronquite prejudicar voz apesar diagnóstico manter apresentação noite feira aparecer vídeo voz rouco cantar canção ajudar fã vídeo alto reportagem caso dulce contar fã rouca otorrino roberta pilla sintoma comum bronquite esforço vocal pulmão fraco inflamação gerar rouquidão feira manhã cantor mostrar grau febre ter passar noite horrível doer osso acontecer covid acreditar haver escrever cantora, 0
rússia pedir feira proibição movimento público internacional lgbt consider lo extremista demonstração onda ultraconservadora moscou acentuar início ofensivo ucrânia várias ongs qualificar homofóbica ministério justiça russo informar decisão comunicar entanto especificar referência movimento defesa direito identidade gênero orientação sexual minoritário organização específico defesa direito comunicar instituição anunciar apresentar reclamação legal administrativo perante supremo tribunal reconhecer movimento público internacional lgbt extremista proibir atividade rússia presidente russo vladimir putin implementar haver ano político qualificar homofóbico transfóbico numeroso representante comunidade lgbtqiap lésbica gays trans bissexual ongs início ofensivo kiev fevereiro kremlin multiplicar medida argumento defender criança frente conduta considerar inaceitável apresentar baluarte moral declínio ocidente governo russo garantir pessoa orientação sexual rússia proteger criança propaganda ocidental moscou negar existência sexo biológico russo esquecer comunidade lgbt pessoa cidadão país desaparecer espaço público proibir social dizer afp dilia gafurova diretora fundação sphere defesa direito pessoa lgbtqiap lei país proibir propaganda relação sexual tradicional direcionar pequeno idade texto denunciar ongs instrumento repressão comunidade lgbtqiap principal ong defender direito comunidade rússia lgbt set classificadar agente estrangeiro dificultar funcionamento expor multa proibição, 0
empresário santos litoral paulo levar susto receber pix engano lealdo santos souza ano contar achar tratar golpe entanto perceber confusão pensar devolver bolado hora pix fiquei desesperar cabeça pensar ser algum golpe cara jogar conta engano ir vir procurar afirmar empresário comércio ramo ar condicionado automotivo lealdo chegar pensar ser resgate algum sequestro imaginei várias coisa relatar homem aguardar hora tomar atitude procurar agência banco origem dinheiro período empresário receber conselho orientar ficar bolado cabeça coração falar ter certo pensar devolver afirmar lealdo encontrar dono dinheiro dia receber pix agência banco origem dinheiro falar gerente localizar proprietário contar ficar surpresa atitude conseguir entrar contato dono dinheiro relembrar homem pix praia ficar preso trilha sofrer tortura enviar pix errar surpreender reembolso motorista aplicativo raro acontecer empresário multar mi manter funcionário condição análogo escravidão defesa entrar recursofiz pix errar cancelar saiba recuperar dinheiro bancário comprar apartamento cartório preencheu contrato transferênciar finalizar pagamento corretor mandar pix eu hora ter achar ser golpe ia acabar sonho de ele explicar dias dar conta confusão descobrir bancário ter ser cliente empresário confusão fiz trabalho carro de ele relatar lealdo dizer contar ter ficar salvar realização pix senhor apesar conhecer esclarecer lealdo tentar estorno dinheiro bloquear banco banck abaixo nota enviar banco transtorno bloquear conta conseguir resolver situação conseguir devolver quantia parcela empresário pix dia chegar terminar pagar feira lealdo manter contato bancário advogar de ele homem ter passar problema saúde recentemente nota bank informar operar regra funcionamento pix saldo bloquear acionamento mecanismo especial devolução med banco central devolução valor ver pix fazer botão devolver pix disponível aplicativo destinar opção devolver valor parcial escolhar cliente imposição banco informar nota, 0
venda natal movimentar quase milhão metade efeito consumo comércio atribuir salário explicar economista fábio bentes confederação nacional comércio dica especialista myrian lund reserva emergêncar coisa ruim coisa bom qualidade vida escolha falar direito trabalhar carteira assinar aposentado pensionista empregado doméstico milhão pessoa brasil variar acordo salário, 0
motivar afirmaã bolsonaro rã dio gaã cha nã estã certo relaã tarcã sio jamais fazer certo coisa esquerdo terã feira revista publicar declaraã tarcã sio haddad haver mudar bom estã fazer certo governo bom quadro equipe econã mico dizer governador vocã jã conhecer vantagen assinante folha alã acesso reportagem coluna vocã contar newsletter exclusivo conheã tambã baixar aplicativo gratuito apple store google play receber alerta principal notã cia dia assinatura ajudar jornalismo independente qualidade reportagem anã lise publicar dia time colunista blogueiro jornalismo profissional fiscalizar pã blico veicular notã cia proveitoso inspiradoras contraponto intolerã ncia rede social traã linha claro verdade mentirar ajudar produzir conteã página coluna blogs folha encontrar opinião crônica colunista mônica bergamo elio gaspari djamila ribeiro tati bernardi dora kramer ruy castro muniz sodré txai suruí josé simão thiago amparo antônio prata juca kfouri copyright folha paulo direito reservar proibir reproduã conteã pã gina comunicaã eletrã nico impresso autorizaã escrever folhapress copyright folha paulo direito reservar proibir reproduã conteã pã gina comunicaã eletrã nico impresso autorizaã escrever folhapress, 0
exã rcito israel operaã es terrestr hamas norte faixa gaza jã avisar soldado ofensiva deverã estender regiã es territã rio controlar terrorista palestino intenso pressã internacional crise humanitã rir resultante guerra tel aviv aprovar entrada diã ria caminhã es combustã vel vinr egito unidade onu gaza medida criticar ala radical governo binyamin netanyahu premiã tentar ganhar frente plano desabilitar hamas mega ataque dia outubro matar pessoa explodir conflito oriente mã dio questã proporcionalidader estãr centro crã tica palestino contar morto atã prã prio netanyahu dizer nã conseguir evitar baixa civil prã tico mudar indicar falar chefe forã defesa israel general herzi halevi militar gaza nã estar prã ximos desmantelar militar haver norte faixa gaza haver trabalho completar estar prã ximo ir continuar operar gaza atã saber regiã es serã atingir sistematicamente eliminar comandante erradicar infraestrutura afirmar soldado divisã es exã rcito ocorrerã incorrer morte civil incerto provavelmente impossã vel dia outubro israel dar ultimato morador metade norte faixa incluir capital homã nima ser sul concentrar cidade khan yunis rafah houve xodo milhã es habitante faixa deixar casa onuâ nã completo inã cio invasã terrestre gaza outubro crise aumentar regiã es sul seguir bombardeio israel ficar dã vida natureza operaã terrestre setor norte faixa estã ser destruã prã tico israel ter fazer semana entrar hospital procurar centro comando arma hamas caso notã vel hospital al shifa ocupar nã haver massacre temer organizaã mundial saã condenar duramente aã entã israel ler nu provar certo avaliaã receber aval pã blico aliar estados unidos vã deo distribuã imagem arma computador equipamento atribuã hamas al shifa netanyahu dizer abrigar refã ns terrorista outubro corpo de esse pessoa achar proximidade tel aviv afirmaã es nã verificar independente crã tico guerra ver imagem natural ceticismo aã anunciar evitar dano pessoa hospital de elas paciente pareã natural hamas ter ter retirar qualquer material mantiver lã encontrar entrada tã nel complexo hospitalar dar sustentaã alegaã israelense haver centro comando hamas idf levar jornalista the new york times visitar jã haver levar repã rter bbc nyt impossã vel determinar atã tã nel ir atã temor minar veredicto jornal americano inconclusivo visitar controlar nã irã resolver questã hamas usar al shifa afirmar mã dico al shifa ahmed el mokhallalati voltar negar hamas usar afirmar israel nã achar resistã ncia afirmar agã ncia reuters oms afirmar montar hospital campanha gaza seja capã tulo hospitalar guerra rumo conclusã deixar abrir tã tica israel adotarã resto faixa idf dizer matar comandante integrante hamas sul particularmente khan yunis cidade militar despejar panfleto pedir civil deixar rea terrorista centro nervoso terrorista gaza ficar capital fato neutralizar porto gaza infraestrutura naval hamas tambã pulverizaã forã remanescente sul sugerir aã es terrestre focar incerto violã ncio seguir alto cisjordã nio governar parcialmente anp autoridade nacional palestina rival hamas expulsar gaza hãr ano palestino morto campo refugiado jenin hebron chegar cerca nã mero morto soldado israelense regiã escalada cisjordã niar implicaã es diversos explicitar fraqueza polã ticar anp reconhecer onu israel situaã es normal candidatar administrar gaza apã queda presumer hamas lideranã viver confortã vel exã lio qatar turquia violã nciar espiralar controle haver fluxo refugiar jordã nia paã lutar instabilidade social hã dã cado jã viver grave crise palestino ano tomar cisjordã niar jordã nia alã milhar refugiado ver cruzar fronteira lideranã palestina pouco tornar ameaã instigar derrubada monarquia rei hussein resultado setembro negro violento perã odo ver expulsã organizaã libertaã palestina lã bano ser desalojar tel aviv paã norte israel tambã estã centro preocupaã es campanha baixo intensidade hezbollah aliar hamas tambã bancar irã palestino israelense vocã jã conhecer vantagen assinante folha alã acesso reportagem coluna vocã contar newsletter exclusivo conheã tambã baixar aplicativo gratuito apple store google play receber alerta principal notã cia dia assinatura ajudar jornalismo independente qualidade reportagem anã lise publicar dia time colunista blogueiro jornalismo profissional fiscalizar pã blico veicular notã cia proveitoso inspiradoras contraponto intolerã ncia rede social traã linha claro verdade mentirar ajudar produzir conteã copyright folha paulo direito reservar proibir reproduã conteã pã gina comunicaã eletrã nico impresso autorizaã escrever folhapress copyright folha paulo direito reservar proibir reproduã conteã pã gina comunicaã eletrã nico impresso autorizaã escrever folhapress, 0
família empresário brasileiro márcio rodrigues silva itupeva sp afirmar acostumar negócio internacional suíça tratar trabalho contratar tradutor esposo empresário desaparecer dia itamaraty acompanhar caso márcio viajar dia novembro pousar zurique dia seguinte contato de ele família áudio enviar esposo tom preocupado empresário afirmar passaporte recolher acreditar cair cilar eu achar caí cilada deus de aqui meia hora ir acontecer comigo dizer minuto meia hora trazer passaporte esperar haver quase hora encontrei tirar foto rosto trouxer máquina digital levar passaporte scanner márcio rodrigues áudio enviar cerca hora chegar país ficar dia país resolver questão burocrático investimento haver fazer internet afirmar esposo ana lúcia silva precisar assinar documento pessoalmente período seguir espanha dar treinamento empresário atuar ramo produto terapêutico contratar tradutor família empresário falar alemão haver contratar profissional acompanhar durante estadia suíça familiar saber chegar encontrar tradutor mala pertencentes márcio extraviar localizar família família haver informação perder contato marido chegar aeroporto zurique ana lúcia registrar boletim ocorrência desaparecimento paulo investigar notícia concreto imagem câmero segurança aeroporto solicitar acesso esposo advogado contratar zurique acompanhar caso ministério relações exteriores acompanhar caso consulado brasil zurique pasta informar manter contato autoridade local vistas apurar circunstância acontecer ministério dizer informação detalhado poder repassar mediante autorização envolver mre fornecer dado específico caso individual assistência cidadão brasileiro caso encaminhar pf nota secretaria segurança pública paulo informar esposo márcio ouvir setor homicídios proteção pessoa shpp autoridade policial encaminhar caso polícia federal investigar desaparecimento interpol, 0
byd mandar venda dolphin preço agressivo hoje difícil modelo metrópoles consumidor cogitar modelo elétrico afinal valer preço rivalizar carro movir combustão outubro dolphin emplacar unidade hatch elétrico total segmento bevs emplacar unidade ser dolphin conquistar market share outubror veículo elétrico elétrico pesar kg porta mala litro capacidade desempenho km fazer segundo velocidade grande limitar km loja chegar modelo plus autonomer potência ler mundo automotivo conversar gente respeito participe facebook discussãor informação troco experiência amante carro acompanhar cobertura instagram uol carros, 0
dia barco alcatraz oceano atlântico ter percorrer milhar quilômetro trajeto separar brasil cabo verde costa áfrica tripulante avistar horizonte navio hershel woody williams marinha estados unidos entraram pânico alcatraz pequeno barco pesqueiro velho lento capaz atingir km hora ter chance escapar embarcação imponente americano hershel comprimento alcatraz dobro velocidade abordagemr rápido oficial marinha aproximar render tripulante brasileiro montenegrino revistar barco porão encontrar fardo tablete cocaína puro junto pesar tonelada marujo prender flagrante droga confiscar terminada operação americano afundar alcatraz tiro tripulante condenar justiça cabo verde ano prisão tráfico droga grande apreensão cocaína mundo tonelada cocaína embarcação oriundo brasil polícia federal apreender tonelada cocaína porto santos ter continente africano destino informação fornecer via lei acesso informação montenegrino prender alcatraz suspeito integrar máfia sérvio documentos polícia judiciária cabo verde afirmar responder kava criminoso ari máfia controlar darko ari narcotraficante procurar europa dono fortuna estimar revista forbes bilhão dólar ari estar prender haver ano sérvia acusar traficar tonelada cocaína atuante mercado europeu cabo verde país pequeno lusófono formar ilha vulcânico oceano cerca habitante único país costa oeste africano entrar radar megatraficante diálogo captar aplicativo mensagem europol força policial união europeia mostrar criminoso usar diferentes porto áfrica ocidental entrepor carregamento droga fator próprio traficante embarcação oriundo país africano despertar suspeito polícia europeio saír país latinoamericano debilidade instituição público país africano documentos ministério relações exteriores brasil apontar deficiência infraestrutura policial cabo verde contar pouco embarcação adequado patrulhamento mar guarda costeira dispor recurso humano suficiente equipar navio lancha haver dificuldade custeio manutenção embarcação militar telegrama obter piauí deficiência patrulhamento marítimo ser parcialmente compensar último ano marinha estados unidos maoc centro análise operações marítimas sigla inglês unidader inteligência transnacional voltar combate narcotráfico oceano atlântico acordo dea drug enforcement administration polícia americano especializar combate narcotráfico explorar rota brasil cabo verde traficante brasileiro mario sergio machado nunes década americano nunes transportar tonelada cocaína hidroavião viajar maranhão arquipélago africano dali droga seguir embarcação médio porte litoral europeu dezembro nunes piloto prender flagrante polícia cabo verde levar kg cocaína aeronave seguinte traficante goiano fugir prisão esconder cesto roupa sujo voltou prender guarujá sp decorrência investigação tráfico droga hoje liberdade de ele vieram criminoso interessar cabo verde sérgio roberto carvalho ex major pm mato grosso sul considerar grande narcotraficante brasileiro abril comandar adquirir brasil barco pesqueiro nome empresa fachado de eles batizar wood zarpar rumo cabo verde seguinte carregar droga percorrer km entanto abordar helicóptero arremessar direção barco tonelar cocaína esquema cinematográfico pensar despistar polícia chegar cabo verde cocaína levar embarcação portugal plano entanto frustrar maoc polícia federal brasileira apreender barco oceano atlântico ancorar cabo verde tripulante rendir carvalho acabar ser prender interpol hungria km diferentemente navio comercial veleiro precisar passar controle imigração rataj prender angra reis rj bordo veleiro rumar arquipélago africano carregar kg cocaína justiça brasileiro condenar ano prisão tráfico internacional droga martins prender flagrante transportar meia tonelada cocaína americana cidade interior paulista condenar ano prisão tráfico internacional droga pf monitor colaboração traficante brasileiro criminoso leste europeu trata caso grupo paramilitar atuar guerra civil iugoslávia transformar organização criminoso famoso de elas ari ano enviar espécie embaixador brasil incumbir gerenciar transporte cocaína europa nome goran nesic documentos pf relatar nesic estabelecer bauru sp exportar droga porto santos utilizar técnica içamento usar criminoso sérvio pequeno embarcação aproximar navio ancorar porto tripulante cooptar içar droga usar corda carregar navio nesic prender operação niva pf mirar criminoso sérvio brasil extraditar sérvia cumprir pena tráfico droga apreensão fazer rota brasil cabo verde alcatraz abril milhão dólar europa pf chegar nome aleksandar nesic filho goran nesic antigo embaixador traficante sérvio brasil esquema criminoso começar desvendar pf apreensão época agente seguir passo aleksandar nesic jovem sérvio participar esquema pai ano registro pf atuar transporte dinheiro vivo doleiro prova entanto alvo operação niva reais relatórios coaf controle atividades financeiras constatar movimentação suspeito maio novembro contar bancário aleksandar receber depósito fracionar dinheiro vivo total real outubro policial acompanhar viagem aleksandar guarujá morar fortaleza sérvio viajar caminhonete comparsa percorrer lancha reunir dia casa veraneio alugar aleksandar aquiraz cidader fortaleza litoral cearense haver nenhum flagrante ocasião entanto criminoso associar nesic hugo agenor santos dias alemão viajar gonçalo rj avaliar compra velho barco pesqueiro alcatraz negócio selar milhão real pagar dinheiro vivo pf barco comprar mar nesic embarcação levar oficina guarujá fortaleza policial notar embarcação característico típico narco barco presença tanque combustível suplementar pensar permitir longo viagem incomum barco pesqueiro ausência tangones estrutura tubular usar armar rede pesco noite março alcatraz zarpar fortaleza destino cabo verde levar nenhum grama cocaína horas entanto lancha haver transportar criminoso fortaleza partir itapipoca litoral cearense carregar tonelada droga alto mar carregamento transferir lancha barco pesqueiro estratégia evitar abordagem policial dia viagem atlântico abril alcatraz encontrar marinha estados unidos polícia federal polícia judiciária cabo verde ministério público país formar equipe conjunto investigação caso compartilhar prova se evidência colher agente cabo verde carta atribuir cristiano fernando mattos tripulante alcatraz documento mattos cobrar integrante esquema pagamento tonelar cocaína transportar embarcação chamar dom isaac adquirir alemão sociedade vanderlei faria integrante pcc carga apreender marinha brasileiro gostaria ter depositar igual carta ministério público cabo verde enviar celular tripulante pf rio janeiro caber extrair conteúdo incluir contato diálogo aplicativo conversa aleksandar nesic cobrar providência alemão vender rapidamente droga estocar servir pra comprador interessar ir fechar venda tirar porra vida escrever alemão resposta aleksandar dizer investir milhão dólar esquema mandamo milhão dólar ano vc falar fuder atrasour vida eu vender claro vender dia outubro pf deflagrar operação dontraz acrônimo barco dom isaac alcatraz prender preventivamente aleksandar nesic vanderlei faria pessoa investigar alemão foragir indiciar tráfico internacional droga organização criminoso procurada piauí advogado alemão raquel gonzález santos preferir manifestar defesa vanderlei faria negar envolvimento cliente tráfico cocaína faria acabar envolver operação dontraz vender barco posteriormente acabar apreender realizar transporte droga alegar advogado erivelton almeida defesa aleksandar nesic localizar espaço seguir abrir manifestação, 0
rede social amigo lamentar morte contador vida tomar tirar família amigo perdi amigo parceiro zuero possuir malditos tirar pessoa escrever amiga acreditar pessoa tranquilo em este tanto ano amizade ver falar alto ninguém educação serenidade acabar muito violência escrever amiga leandro, 0
chinês mei wanwen acusar manter loja centro paulo desmanchar iphone furtar roubar substituir peça telefone celular outro revender aparelho condenar ano receptação recorrer liberdade loja localizar rua barão duprat sé policial civil encontrar carcaça iphone aparelho mesmo marca intacto desmontar imei identificação internacional equipamento móvel preservar policial civil delegacia seccional centro chegar mei graças denúncia anônimo autor revelar detalhe esquema chinês informar adquir produto origem ilícito usar loja desmonte montagem aparelho agente conseguir identificar aparelho imei preservar vítima localizar prestar depoimento confirmar delegacia atacar iphone levar ladrão ataque acontecer dia novembro ano passado março ano crime cometir cidade dutra cidade ademar santo amaro zona paulistano freguesia zona norte liberdade campos elíseos pari centro paulo investigação conduzir policial civil apontar pequeno carcaça celular deixar loja manutenção ter nota fiscal possuir documentação denúncia crime receptação oferecer mp sp ministério público paulo chinês promotora justiça laurani assis figueiredo observar mei ter consciência aparelho imei intacto ser produto roubo furto promotora argumentar desmontar remontar peça dificultar identificação aparelho encobrir origem ilícito de eles citar denúncia iphone apreendir roubar furtar, 0
bruno gagliasso filho bless vítimas intolerância religioso rede social alvo comentário ofensivo bruno divulgar haver levar herdeiro assistir participar cerimônia candomblé religião praticante yas fiorelo apresentador splash show lamentar profundamente agressão ator filho vítimas pena feliz vida bruno ser destruir intolerância religioso sentido ver intolerância infelizmente democrático gagliasso passar pena ressaltar gagliasso cidadão brasileiro comum direito escolher religião querer pessoa comentar senso respeito contar ninguém religiãor outro praticar estar linha constituição leão lobo lamentar preconceito religioso ser presente sociedade triste perceber pleno século pessoa preconceito religião gente perceber religião respeitar tristir vivemos democracia país laico religião respeitar igualmente virgínia fonseca contratar sbt esposo zé felipe comandar programa variedade início madrugar sábado emissora provável título sabadou virgínia leão lobo pacote mudança planejar sbt grader ano hora realmente precisar programa sbt dar inteira assustadora acontecer sbt considerar emissora tv país hoje, 0
israel hamas fechar acordo prever libertação refém terrorista troca libertação palestino mantir prisioneiro israelense trato oficializar feira prever pausa temporário conflito acordo começar prever acordo quantos dia haver trégua refém hamas palestino libertar israel acordo negociar haver acordo refém acontecer cumprimento acordo trégua dia mulher criança ano fazer refém hamas ser libertar troca mulher adolescente palestino detir israel refém ser dividir grupo ser libertar dia israel anunciar comunicado estender dia pausa conflito adicional refém libertar hamas dizer israel concordar interromper tráfego aéreo norte gaza horário dia trégua interromper tráfego aéreo sul durante período hamas dizer israel concordar atacar prender ninguém faixa gaza permitir pessoa circular livremente rua salah al din principal estrada palestino fugir norte território negociador afirmar trato impedir ataque movimentação militar expansão território durante período pausa catar dizer israel permitir entrada combustível ajudar humanitário gaza cidadão israelense metade refém possuir cidadania estrangeiro dupla cidadania cerca país incluir eua tailândia grã bretanha frança argentina alemanha chile espanha portugal ministério justiça israel publicar lista palestino libertar adolescente prender delito relativamente menore incluir arremesso pedra suposto incitação nenhum condenar homicídio ter cumprir pena tentativo homicídio esforço secreto incluir tenso envolvimento diplomático pessoal presidente eua joe biden manter série conversa urgente emir catar ministro israelense benjamin netanyahu semana anteceder acordo entanto comunicar autoridade israelense garantir guerra continuar trazer volta pessoa sequestrar eliminar hamas garantir exister ameaça israel gaza, 0
falar papa vídeo acima duro início guerra oriente médio fazer audiência semanal praça pedro vaticano pontífice reunir parente refém hamas vítima bombardeio israel gaza palestino israel direito viver paz povo irmão rezemos junto paz terra santa diferença resolvam diálogo negociação montanho mortos escrever embaixador israel vaticano raphael schutz reação discurso papa dizer haver diferença caso assassinar estuprar importar outro envolver guerra autodefês papa francisco observar foto refém hamas exibir parente encontro família israelense sequestrar terrorista vaticano novembro israel hamas anunciar acordo início guerrar libertar refém trocar israel comprometer trégua ataque faixa gaza soltar prisioneiro palestino acordo negociar secreto intermediação estados unidos hamas libertar refém grupo horas partir feira troca israel comprometer pausa dia estados unidos soltar palestino prisão israelense trégua dia mulher criança ano fazer refém hamas ser libertar troca mulher adolescente palestino detir israel refém ser dividir grupo ser libertar dia israel anunciar comunicado estender dia pausa conflito adicional refém libertar hamas dizer israel concordar interromper tráfego aéreo norte gaza horário dia trégua interromper tráfego aéreo sul durante período hamas dizer israel concordar atacar prender ninguém faixa gaza permitir pessoa circular livremente rua salah al din principal estrada palestino fugir norte território negociador afirmar trato impedir ataque movimentação militar expansão território durante período pausa catar dizer israel permitir entrada combustível ajudar humanitário gaza, 0
tomar pílula dia seguinte usar anticoncepcional sexo proteção teste gravidezr ficar transar estratégia usar mulher pânico irreal engravidar parto nome medicina tocofobia comum servir gatilho mulher engravidar pretender adiar gestação eficaz nenhum de esse método garanter ficar saber engravidar prevenir ler reportagem caso múltiplo jovem ano rio janeiro descobrir grávido ginecologista psicólogo comum mulher querer engravidar sintir algum medo usar proteção haver situação tornar patológico afetar dia dia vida sexual relacionamento saúde de esse mulher caso assistente social carolina ano pedir sobrenome preservar atualmente morar dinamarca relembrar começar relação sexual ter pânico método contraceptivo funcionass engravidar carolina teste gravidezr acreditar grávido último sexual ter acontecer maio término relacionamento uso contraceptivo passar seguinte acreditar grávir tomar pílula dia seguinte fazer teste tocofobia reconhecer formalmente janeiro renomar british journal of psychiatry periódico britânico psiquiatria universidade cambridge publicar estudo relatar caso transtorno ginecologista mariane nunes membro comissão anticoncepção federação brasileira associações ginecologia obstetrícia febrasgo explicar fobia resultar mudança social papel mulher gestação passar escolha obrigação desinformação on line mudança prioridade mãe ser observar ano instituto brasileiro geografia estatística ibge começar sequência queda velocidade crescimento população brasileiro consequência nascimento ginecologista haver eficácia preciso analisar modo uso diu colocar correta fazer exame rotinar anticoncepcional usar conforme determinação fabricante implante prazo eficácia pergunta responder publicação ginecologista caso alarmista porcentagem taxa falhar método laqueadurar taxa falha mulher caso implante mulher camisinha chance gente avaliar método aliar acompanhamento mulher poder bom controle escolha explicar mariane nunes ginecologista febrasgo outro ressaltar uso método contraceptivo larc traduzir inglês contracepção longo duração ação comportamental ser depender mulher controle diu siu implante ginecologista obstetra mariana lemos osiro atender rede público paulo explicar ansiedade gestação filho caso solidão mulher único responsável proteção solidão proteção risco abandono maternidade pesquisa fazer instituto brasileiro economia fundação getúlio vargas brasil milhão mãe criar filho sozinha leia saída sugerir paciente deixar método depender de elas pílula trocá los diu implante depender de elas deixá las ansioso age corpo anticoncepcional bloqueiar ovulação impedir gravidez pílulo dia seguinte ager adiar ovulação caso emergência mulher processo acontecer ser mulher tomar anticoncepcional ovular pílulo eficácia pílulo dia seguinte método urgência proteger camisinha falha quantidade hormônio efeito colateral usar cerca seguir intervalo pequeno eficácia reduzir explicar mariane vendedora interior paulo priscila ano pedir sobrenome preservar contar passar transar marido receio anticoncepcional falhar contar prioridade casal carreira plano futuro incluir filho chegar carregar bolsa térmico levar pílula medo ficar temperatura ideal funcionasse voltar casa várias checar ter tomar pílula tirar pílula malo mão viajar compartimento perder efeito razão ar condicionado frio terapia tratar saí pílula diu sentir tranquilo método depender eu tempo compro teste resultado negativo sentir tranquilo afirmar apesar reconhecer literatura médico clinicamente experiência consultório médico tocofobia reconhecer classificação internacional doenças cid subnotificar haver dar prevalência doença primário termos noção pesquisa federação nórdica ginecologia obstetrícia levar conta estudo país identificar gestante ter doença secundário fobia parto explicar fazer acompanhamento psicólogo quadro ansiedader depender estágio doença fazer acompanhamento psiquiatra tratamento medicamento gente tratar terapia entender medo vir experiência puberdade pai colocar pânico único mulher transar vida sexual importante saúde gente precisar entender medo consiga racionalizar sentir seguro medicina oferecer explicar sheila médico influenciador digital maria júlia ferreira explicar tema ser recorrente consultórios sugerir mudança olhar profissional ginecologista apoiar paciente fazer escolha poder minimizar ansiedade, 0
ouvir falar golpe falso aluguel repórter caco barcellos conversar homem vítima crime contar armadilha usar quadrilha especializar aplicar golpe financeiro vítima atraído anúncio plataformar haver ano analista jorge benko júnior tentar sucesso recuperar pagar quadrilha golpista adiantamento aluguel apartamento atraídos facilidade preço jorge mulher seguir negociação rapaz apresentar advogado curitiba avisar apartamento ocupar desocupar dia jorge família saber falso quadrilha usar aplicativo alugar imóvel pouco dia golpista tirar várias foto anunciar apartamento ser donos criminoso mandar documento falso cartório curitiba mostrar legitimidade atitude comum golpe bandido tentar assustar vítima possibilidader negócio fechar interessar contar passar pressionar golpista depositar adiantamento aluguel acabar fazer golpe descobrir criminoso passar contato suposto síndico prédio chegar ter ninguém financeiramente saber retorno vergonha tomar golpe casal anterior eu tomar moça vir posterior eu tomar golpe explicar senhora tar esperto falso atendente repórter aplicar golpe golpe desviar pix copia cola compra on line computador protegerwhatsapp clonar vítima prevenir golpe, 0
ana castela convidar especial ano cantor roberto carlos ensaio acontecer terça feira ana contar rio janeiro encontro instagram agradecer cantor realização sonho cheguei fiz teste covid dar negativo graças deus gravar gente bonzinho bonitinho falar pra ana tar pra eu querer banda músico legal pessoal entender super pedir achar massa, 0
perguntar analista risco político control risks marina pera cientista político maurício santoro professor relação internacional colaborador centro estudos político estratégicos marinha maurício santoro apontar liberdade avança partido milei hoje força congresso eleger passado cerca câmara deputados capaz aprovar congresso consiga formar aliança consiga negociar coalizão junto partido argentina propor milei durante campanha político argentina sugerir improvável consiga fato implementar agenda prometer eleitor houve desconexão eleitor elegeur milei presidente hora votar congresso medida votar político tradicional ser peronista ser centro tradicional maurício santoro preciso alterar próprio constituição constituição definir moeda país milei precisar quórum altamente qualificar simplesmente assinar pedaço papel precisar congresso passar lei ordinário aprovar mudança constituição marina pera proposta milei adotar dólar americano divisa oficial argentina ter aprovar emenda constitucional ver regra discuter aprovar congresso marina pera ressaltar renunciar moeda nacional interpretar medida inconstitucional afirmar publicamente presidente suprema corte justiça horacio rosatti significar emenda ser aprovar escalaria suprema corte provavelmente rejeitar mauricio santoro apontar complexo ver legislativo questão técnico agumento estimativa precisar bilhão dolarizar economia argentino milei usar reserva internacional reserva banco central problema reserva hoje us bilhão verdade comprometir pagamento ano juro dividar externo argentino acima dólar escasso complexo colocar prática ser principal promessa campanha milei lembrar país américa latina dolarizar economia panamá el salvador equador perfil diferente argentina economia pequeno atrelar estados unidos comércio exterior caso diferente economia complexo diversificado argentina cujo grande parceiro comercial brasil china exportação argentina estados unidos chegar decreto precisar lei extinguir órgão público mauricio santoro marina pera ressaltar milei confirmar pretender levar adiante plano fechar banco central assessor econômico de ele falar fechar política monetário bc acontecer economia ser dolarizar mauricio santoro apontar particularmente difícil extinguir banco central instituição absolutamente fundamental economia moderno argumento existir economia mundo hoje ter banco central banco responsável gestão moeda político monetário determinar taxa juro país volume moedar impressa santoro apontar realmente argentina dolarizar moeda próprio ficar depender decisão político monetário estados unidos lembrar cuidar moeda banco central exercer várias função importante gestor reserva internacional país dinheiro estrangeiro país armazenar exercem função regulatório mercado financeiro estabelecer série norma funcionamento banco fiscalizar cumprimento várias regra trivial acabar banco central instituição ter assumir várias de esse função ter regulação maurício santoro apontar argentina receber convite entrar brics implementar entrada perfeitamente entrar brics caso mercosul complicado mercosul resultado série acordo internacional importante de eles tratado assunção criar mercosul depender produto obstáculo exportação argentina provavelmente levar prejuízo econômico perda mercado brasileiro várias empresa argentina medida inócuo ver econômico custo elevar significativo muito gente dizer argentina governo milei fundo governo normal retórica campanha de ele precedente governo italiano giorgia meloni candidata eleita discurso radicalizar mudança visão crítico união europeia otan práticar ser governo normal perfeitamente fazer argentina mauricio santoro haver problema realmente piorar segurança público argentina comparação brasil ser país seguro parceiro de ele congresso partido centro negociar dissidente peronismo heterogêneo alguém disposto acordo achar arma conseguir montar base mudar lei aborto governo peronista legalizar aborto reverter complicado enfrentar oposição forte medida colocar centena milhar pessoa rua santoro ter aprovar lei autorizar venda empresa autorizar privatização conseguir negociar adiante privatizar empresa marina afirmar milei propor reestruturar petroleira incrementar privatizá la poder via decreto necesidad urgencia dnu decreto presidencial equivalente mp argentina dnu validade automático congresso decidir rejeitá lo invés aprovar funcionar mp mecanismo implementar congresso rejeitar dnu limite privatização discuter votar congresso marina tendênciar rejeitar dnus reverter milei sentimento congresso eleger privatização nenhum partido coalizão congresso apesar bloco peronista unión la patria up numeroso milei buscar faccção coalizão centro juntos el cambio jxc aumentar casa partido deputado senador outro milei provavelmente evitar político apresentar projeto privatização congresso dever responder dúvida aclaradas propor vender ação província governador dificultar especialistas milei ter revogar lei expropriação ação ypf ser haver dúvida incerteza resposta caminho claro santoro lembrar ano privatização popular coincidir haver melhora substancial economia carlos menem ter conseguir controlar inflação haver abertura comercial aliar valorização peso paridade peso dólar produto importar estar barato argentina período lembrar espécie paraíso consumo classe médio argentina depender acontecer próximo ser medida milei combater inflação país conseguir plano ser dolarização ser maneira controle inflação haver certo valorização peso claro melhorar perspectiva de ele aprovar medida econômico privatização der certo complicado verdade privatização ser importante dolarização privatizar empresa grupo estrangeiro fluxo dólar argentina importante propor dolarizar economia depender muito investir argentina hoje arriscar investir argentina ano menem questionável encontrar empresa americano europeia disposto correr risco argentina pouco ano instabilidade crise mudança brusco marco regulatório ninguém apetite correr risco santoro congresso aprovar lei autorizar vender empresa lei empresa encontrar comprador disposto marina apontar milei poder via dnu repetir cenário vantagem obstáculo encontrar caso ypf importante ressaltar milei definir prazo agendar privatização interessante ser comprador estrangeiro dólar hoje arriscar investir argentina cenário muito incerteza muito instabilidade difícil santoro ver decreto impossível político argentino definir decreto algum passe congresso questão administrativo questão trivial envolver mudança substancial economia político publico precisar votação congresso aprovação projeto lei emenda constitucional milei popularidade suficiente desafiar congresso pessoa votar em ele sentimento raiva desapontamento político tradicional significar carta branco querer atropelar instituição democrático achar período lua mel haver tolerância sociedade argentino propor sobretudo economia tolerância limite gente tar ver eleição recente américa latina limite durar santoro sandra cohen javier milei moderar discurso voltar casta político eleger presidente argentinoperfil propostas propor presidente eleitocrise econômica presidente lidar crise econômico argentina, 0
boletim ocorrência caminhoneiro elton moreira gonçalves informar deparar veículo parar frente rodovia acionar freio conseguir evitar choque gm corsa empurrar caminhão conduzir nilson barbosa guedes registro elton afirmar corsa lanterna apagadas conseguir visualizar carro colisão acidente perceber haver carro esmagar carreta, 0
máquina ficar ranking computador rápido mundo top associação fim lucrativo analisar desenvolvimento tecnológico setor haver ano brasil santos dumont ser essencial pesquisa científico wagner vieira léo coordenador tecnologia informação comunicação laboratório nacional computação científica lncc ministério ciência durante auge pandemia covid chegar auxiliar pesquisador sequenciamento coronavírus ano máquina ajudar cientista formulação diagnóstico risco infarto miocárdio santos dumond chegar ganhar atualização fazer garantir lista computador rápido mundo top, 0
apesar negativa oficial presidente luiz inácio lula silva pt questionar pessoalmente presidente petrobras jean paul prates demorar redução preço combustível reunião ocorrer terça feira palácio planalto lula esconder contrariedade demor queda preço diesel gasolina redução preço internacional barril petróleo queda dólar apesar auxiliar lula garantir debate mudança comando petrobras reunião terça marcar tratar plano investimento petrobras prates presidente participar ministro fernando haddad fazenda alexandre silveira minas energia rui costa casa civil pressão redução preço combustível fazer ministro silveira rui costa haver cobrança retomar produção fertilizante reduzir importação brasileiro mudança político preço petrobras prates argumentar internamente estratégia amortecer oscilação variação constante preço internacional barril petróleo reunião terça ficar explícito cobrança ministro minas energia alexandre silveira semana passado redução preço combustível demanda palácio planalto fiz manifestação casa civil importante respeitar governança petrobras respeitar natureza jurídico hora puxarmos orelha petrobras voltar mesa poder colocar clareza dizer ministro rede social prates dizer mme querer orientar petrobras baixar preço combustível diretamente ser necessário seguir lei estatais regra estatuto social companhia, 0
pessoa desabrigar enchente rio sul passar conforme informar defesa civil hoje destas desalojar abrigo público, 0
tentar busco movimento ajudar equipe gol acreditar ser forte gol gol fiz seleção voltar gol acontecer trabalhar trabalho dizer camisa brasil críticas coisa incomodar ciclo pós copa, 0
delegada polã cia civil belo horizonte estãr terã feira trancar apartamento efetuar disparo imã vel colega tentar negociar entrega arma saã delegadar apartamento zein chegar transmissã vivo rede social aparecer arma mã junto porta apartamento durante negociaã policial mandar colega ir lamentamos saã servidora encontrar repudia polã cia civil minas gerais tratar servidor especial servidora sexo feminino assãr dio moral corporaã reclamar cuidado sociedade governador tambã afirmar martins nota questionada acusaã assã dio moral secretaria justiã seguranã pã blico minas gerais responder assunto dever tratar polã cia civil reportagem entã procurar assessoria corporaã mail mensagem nã haver resposta atã publicaã texto vocã jã conhecer vantagen assinante folha alã acesso reportagem coluna vocã contar newsletter exclusivo conheã tambã baixar aplicativo gratuito apple store google play receber alerta principal notã cia dia assinatura ajudar jornalismo independente qualidade reportagem anã lise publicar dia time colunista blogueiro jornalismo profissional fiscalizar pã blico veicular notã cia proveitoso inspiradoras contraponto intolerã ncia rede social traã linha claro verdade mentirar ajudar produzir conteã copyright folha paulo direito reservar proibir reproduã conteã pã gina comunicaã eletrã nico impresso autorizaã escrever folhapress copyright folha paulo direito reservar proibir reproduã conteã pã gina comunicaã eletrã nico impresso autorizaã escrever folhapress, 0
casa localizar condomínio alphaville residencial metros quadrados construir avaliado milhão possui suíte piscina quadra futebol society salar cinema salão jogo sauna terreno metro quadrados ordem leiloar imóvel dar razão ação cobrança abrir fevereiro vob cred securitizadora capi penta international football player ltda empresa ex atleta cafu negar dívida tentar evitar leilão mansão argumentar tratar residência família legislação poder expropriar dizer pagamento dívida estar garantido imóvel propriedade justiça paulista aceitar desembargador spencer ferreira relator processo entanto suspender leilão prever ocorrer setembro razão discordânciar avaliação imóvel cerca milhão laudo avaliação subir milhão, 0
tatiane costa perceber mão estar fraco decidir procurar neurologista ano diagnosticar esclerose lateral amiotróficar doença neurodegenerativo cura causa perda força movimento capacidade comer falar hoje jovem planaltina go rede social compartilhar detalhe rotinar ajudar paciente corpo morrer pouquinho dia consciência ficar intacto vivabem contar histório ter emprego prestes entrar faculdade biomedicina descobrir ter semana fechar causa covid ano dia arrumar festa passar desodorante aerossol conseguir ter força dedo indicador apertar válvula achar continuei vida tempos viajei muito trilha haver ido consegui trilha normalmente conseguir andar direito senter cansado caí percurso inteiro perguntar acontecer comigo horrível início querer esconder doença remédio precisar tomar custar vaquinha instagram cidade passar conhecer caso sair tv ganhei remédio época decidir parar tomá l o eu benefício compensar efeito colateral hoje tomo medicação dor muscular optar seguir tratamento paliativo fisioterapia fonoaudiologia terapia ocupacional psicólogo nutricionista família neurologista dizer achar bom tratamento funcional acontecer corpo trabalho futuro bom pensar em isso dia perder movimento curso continuar trabalhar ganhar dinheiro acontecer aparecer falar difícil pensar parar ter gente procurar poder deixá las resposta hoje conversem comigo visão sentimento pessoa conhecer diagnosticar doença raro principalmente pessoa jovem afeta médio pessoa habitantes depender país acometer principalmente pessoa acima ano comum homem sintomas incluir fraqueza muscular piorar dia dia começar perna braço avançar membro chegar rosto paciente conseguir mexer boca pálpebra testa costumar poupar movimento olho doença acometer cognitivo ser raciocínio lógico capacidade resoluçãor problema orientação ficar preservado avanço doença estudo recente entanto apontar ligação demência frontotemporal, 0
família mellyssa suspeitar ex marido de ela pai filho de ela brasileiro ter cometer feminicídio aceitar relacionamento ter ser rompir recentemente informação constar página arrecadação amigo familiar fazer realizar traslar corpo brasil ex companheiro mellyssa ter suicidar cometer crime encontrar corpo brasileira acordo família amigo brasileiro jl rede liberal afiliar tv globo informação estudante mudar estados unidos haver ano acompanhar marido buscar melhorar vida ter família país amigo companheiro trabalho mellyssa homem estar junto adolescência acordo família estudante brasileiro demonstrar nenhum sinal agressividade gente ficar palavra sentimento dor revoltar gente porquês porquês menina alegre puro ter maldade ninguém querer feliz realizar sonho de ele interromper trágico dizer girlene silva tia jovem procurado ministério relações exteriores consulado brasil hartford dizer conhecimento caso itamaraty dizer contato autoridade local permanecer disposição prestar assistência consular cabível família brasileiro caso falecimento cidadão brasileiro exterior consulado brasileiro poder prestar orientação geral familiar apoiar contato governo cuidar expedição documento atestado consular óbito terminar trâmite obrigatório realizar autoridade local traslar resto mortal brasileiro falecir exterior decisão família custear recurso público itamaraty casos violência doméstico cometir parceiro ex companheiro mulher lei maria penha aplicar agressão cometer familiar haver aplicativo direitos humanos brasil página ouvidoria nacional diretos humanos ondh ministério mulher família direitos humanos mmfdh vítimas violência doméstico denúncia caso estar pensar cometer suicídio procurar ajuda especializar cvv centro valorização vida caps centros atenção psicossocial cidade cvv funcionar hora dia feriado telefone atender mail chat pessoalmente postos atendimento brasil, 0
jogo brasil argentina sequer haver começar briga generalizado tomar conta maracanã terça feira durante execução hino nacional torcedor nação trocar provocação brincadeira dar confusão durar quase meia hora, 0
presidente luiz inácio lula silva feira decidir projeto lei prorrogir desoneração folha pagamento setor economia brasileiro caso ser estendir medida terminar dezembro ano empresa central sindical trabalhador pressionar sanção texto risco perdar cerca milhão emprego matéria protocolar novembro palácio planalto prazo análiser dia útil caso lula publicar projeto texto sancionar automaticamente promulgar petista presidente senado rodrigo pacheco psd mg projeto empresário pagar folha funcionário tributo calcular aplicação percentual receita bruto empresa variar conforme setor contribuição deixar feito passar adequar real atividade produtivo empreendimento palavra empresa faturar contribuir contratar empregado gerar aumento imposto cálculos demonstrar perda arrecadação previdência social desoneração bilhão abaixo pressão trabalhador matéria ser defender parlamentar veto lula projeto contrário posicionamento deputado federal parlamentar votar proposta impedir extensão desoneração significar contramão manifestação senador aprovar matéria votação simbólico ser haver contagem voto cenário negativo expectativa haver forte reação congresso caso presidente vete prorrogação autor projeto lei pedir continuidade desoneração senador efraim filho união brasil pb afirmar terça desafio brasil arrecadar dinheiro gerar emprego parlamentar defender importância projeto dialogar vida real brasileiro afirmar desoneração esperar demissão deputado ricardo ayres republicanos to articulador propor câmara veto causar desgaste desnecessário governo diverso setor econômico potencialmente afetar milhão emprego gerar atrito dinâmico congresso nacional aprovar proposta quase unanimidade cenário prejudicar legislativo dificultar futuro colaboração avaliar relatora desoneração câmara deputado any ortiz cidadania rs cobrar posicionamento claro governo presidente lula sancionar lei aprovar congresso nacional ser único responsável demissão milhar trabalhador brasileiro afirmar entidade representativo pressionar lula decidir favoravelmente iniciativa entrevistar presidente união trabalhadores ugt ricardo patah declarar petista sancionar medida presidente lula históriar característica valor fundar trabalho origem independentemente ministros sancionar afirmar ministério fazenda comandar fernando haddad enviar nota técnico palácio planalto recomendar veto especialista relação governamental cientista político leonardo barreto avaliar lula vetar proposta forte oposição político entender perder embate ministro fernando haddad conseguir força barrar proposta cenário provável lula vetar parcialmente deixar desoneração município procurar atender prefeito medida refis dívida previdenciário cidade avaliação cientista político andré pereira césar especialista procedimento legislativo funcionamento executivo federal demorar governo posicionamento claro projeto desoneração sinal buscar termo entanto governo arriscar processo preciso pesar balançar risco indispor setor município congresso especialista acreditar trecho vetar haver contrapartida estancar dano político eventual compensação jamais ter peso sanção integral matéria sensível movimento errar lula fazer resultar resposta rápido poderoso país inflação oscilar caso desoneração folha pagamento ser prorrogar análise especialista consultar reportagem levar conta cálculo empresa central sindical afirmar continuidade medir haver previsão fechamento milhão posto trabalho aumento preço serviço produto fato emprego estar ameaçado custo empresa elevar economia nacional sofrer impacto mudança empresa ter cortar custo equilibrar conta poder haver redução empregar aumento produto pressionar inflação avaliar economista werton oliveira elevação preço consumidor oliveira trar efeito curto prazo aumento inflação outro demissão gradativo haver diminuição compra brasileiro diminuir preço trazer prejuízo crescimento econômico perda arrecadação previdência social caso houver desoneração folha pagamento bilhão revelar estudo fazer ano associação empresas tecnologia informação comunicação tecnologias digitais brasscom presidente lula ser pressionar setor economia entidade trabalhador sancionar projeto prorroga medida fiscal bilhão bilhão bilhão bilhão bilhão milhão trabalhador corresponder cerca crescimento geração de esse emprego haver queda arrecadação previdenciário objetivo desoneraçãor aliviar parcialmente carga tributário medida vigor projeto lei prever manutenção regime fiscal postos trabalho brasil ser desoneração folha pagamento empregabilidade país ser comprometir defender presidente febrac edmilson pereira, 0
jojo todynho revelar motivo terminar casamento lucas souza liziane gutierrez manifestar rede social socialite viver affair peão fazenda dizer casar funkeira amor falar lucas sustentar ex namorada luanne jardim morto durante assalto maio ano tachar jojo recalcar simplesmente expor fato infeliz passar lucas deixar claro casar jojo amor envolver luanne amor luanne sustentar falar homem processar dizer liziane rede social socialite garantir afirmar ouvir relato próprio luanne luanne ir processar lucas advogado jojo ir ajudar luanne jojo ir testemunho processo contar vir mentira querer colocar mulher mentiroso históriar rolar fácil contradição pessoa falar jojo impossível conviver fazenda beija foto de ele saber lucas querer admitir gente ficar luanne falar luanne ir ficar comigo concluir influenciadora pronunciamento liziane equipe lucas souza publicar rede social comunicar assessoria ex militar dizer conseguir seguir frente contar fala jojo todynho considerar injusto fato influenciador confinar reality show record defender restar lamentar fato lucas expor cruel direito defesa difamá lo confortar fato dar brasil conhecer gigante gentil pessoa erro acerto humano jurídico campo atuar conforme mandar lei equipe seguir unido propósito lucas campeão fazenda saber tempestade bonança nota oficial liziane gutierrez dizer medo processar equipe lucas souza garantir prova afirmar processar vídeo falecer luanne guardadinho esperar processo colocar vídeo tona coragem processar alegar jojo todynho parar boca cantor entrar polêmico causa káila oliveira ex namorada mãe filha renato santiago campeã fazenda namorar jojo viver conturbar amor relacionamento atual artista viver pouco boa casamento lucas souza rechear confusão barraco relacionamento jojo lucas começar maneira conturbado conhecer méxico viajar época cantor relacionamento márcio felipe algum artista admitir haver errar parceiro durante viagem internacional terminar funkeira militar começar namorar pedir casamento casar janeiro passar período tranquilo aparecer clima romance rede social casado começar surgir boato viver crise polêmico matrimônio jojo outubro ano passado lucas surgir rede social anunciar casamento ocasião cantora fazer compra descobrir término internet militar chegar sair casa voltar seguir reatar entretanto reconciliação durar outubro separar maneira definitivo término chegar trocar farpa rede social briga explodir oficial exército acusar ex mulher traição cantor preconceituoso ficar saber declaração ex marido jojo todynho perder completamente linha virar meme rede social funkeira ficar revoltado insinuação ex xingar lucas dó deixar claro recado parar falar último polêmica envolver ex casal acontecer semana lucas souza surpreender seguidor declaração amor rede social apaixonar mulher conhecer ano conhecer ex fazenda apaixoneer ser amigo começar romance envolvimento vir tona maio jornalista leo dias revelar estar junto romance vazar jojo passar mostrar namorar pouco início relacionamento marcar discrição aparecer junto funkeira evitar mostrar namorar rede social publicar vídeo mão dar citar nome de ele realidade hoje casal discreto renato garantir rede social preferir vida anonimato paz namorar durar surgir káila oliveira moça ex namorado mãe filha renato santiago káila surgir rede social dizer funkeira sustentar namorar acusá lo pagar pensão filho corretamente pai ausente cantor sair defesa amado dizer reclamação começar assumir relacionamento jojo todynho ameaçar processar káila enviar notificação extrajudicial ex namorado funkeira chegar declarar entear frequente casa de ela filha poder pessoa conhecer imaginar conhecer desculpem casa renato peguar levar casa avó fiquar semana inteiro ir querer de aqui jeito mãe de aqui criança crescer olhar casa informação caráter dizer briga ganhar capítulo semana vazar print conversa kaila renato trocar mensagem acontecer dia carioca começar namoro jojo todynho ex namorada káila situação acontecer comprovar print bafafá renato abrir mão discrição pronunciar publicamente vídeo publicar rede social defender jojo todynho pedir ex envolver artista briga renato insinuar káila causar ganhar visibilidade jo desculpa passar eu problema início intenção deixar claro mulher sensacional káila ser bela filha de eles fama falar, 0
coreia norte afirmar feira ditador kim jong un examinar imagem base estados unidos ilha guam pacífico registrar satélite vigilância lançar último terça feira entrada órbito satélite malligyong anunciar coreia norte desafio resolução onu organização nações unidas proíber pyongyang utilizar tecnologia míssil balístico coreia sul dizer terça feira coreia norte lançar satélite reconhecimento direção sul japão ativar alerta míssil okinawa recomendar retirada população kim observar foto aeroespacial base aéreo anderson porto apra importante base militar força americano fazer céu guam pacífico afirmar agência oficial notícia kcna dizer fotografia receber local feira secretário onu antónio guterres condenar maneira veemente lançamento informar porta voz farhan haq lançamento coreia norte utilizar tecnologia míssil balístico contrário resolução segurança acrescentar lançamento agência kcna afirmar coreia norte pretender lançar satélite curto prazo lançamento satélite reconhecimento direito legítimo rpdc república popular democrática coreia reforçar capacidade autodefesa destacar coreia sul reagir lançamento anúncio retomar operação vigilâncio fronteira coreia norte suspenso âmbito acordo reduzir tensão militar país fechar mundo coreia norte dar discreto demonstração potencial indústria nacional semana apresentar feira capital pyongyang produto comum míssil balístico fabricar casa convidar alexandr kozlov ministro recursos naturais ecologia nomear putin líder comitê cooperação comércio economia ciêncio tecnologia rússia coreia norte agência estatal notícia coreia norte destacar russo perceber indústria levar dar salto dia liderança partido trabalhadores coreia considerar melhoria vida população assunto importante, 0
presidente luiz inácio lula silva pt criticar governador minas gerais romeu zema comparecer reunião renegociação dívida união bilhão dizer titular mineiro mandar vice governador falar constar vídeo publicar presidente senado rodrigo pacheco psd mg participar encontro realizar terça feira agradecer presidente senado presidência haver ouço fernando haddad tentar discutir dívida estar governador importante lembrar governador minas gerais comparecer reunião mandar vice dizer governo federal ministro haddad ministro rui costa esforço gente encontre solução amigável poder sustentável união haddad levar sério esperar de aqui frente governador comparecer conversar ministro fazenda ajudar governo federal ajudar esperar haver vontade governador acordo ser razoável olho sociedade mineira brasileiro completar lula participaram reunião lula pacheco ministros rui costa casa civil fernando haddad fazenda alexandre silveira minas energia presidente assembleia legislativa mg tadeu martins leite presente durante agenda pacheco dizer pagamento dívida sacrificar empresa servidor público minas gerais propor regime recuperação fiscal tramitação assembleia legislativa condicionar renegociação dívir medida privatização congelamento salário pacheco lula pedir estudo técnico ministério fazenda propor buscar utilizar ativo dispor quitação dívida ano dívida bilhão impagável ter saldo dívida capacidade retomar crescimento investimento presidente receber proposta incumbir ministro fernando haddad estudo técnico destacar senador ideia estatal mineiro ser vender união mercado compromisso união reversão ativo minas gerais desconto saldo remanescente dívidar pagamento ano texto cláusula garantir recompra estatal governo mineiro ano ideia ser levar governador romeu zema reunião pacheco governador marcar acontecer feira esperar haver colaboração governo federal sensibilidade governo solução definitivo assunto dizer pacheco, 0
empresa tecnologia americano openai desenvolver plataforma ia inteligência artificial chatgpt anunciar noite terça feira retorno cofundador sam altman cargo ceo pouco dia demissão administração alcançamos acordo princípio sam retorne openai ceo formar bret taylor presidente larry summers adam angelo anunciar empresa rede social altman ter ser demitir sinceridade comunicação decisão pegar mercado tecnologia surprês we have reached an agreement in principle sam altman to return to openai ceo with new initial board of bret taylor chair larry summers and adam angelo we are collaborating to figure out the details thank you so much your patience through this love openai and everything ve done over the past few days has been in service of keeping this team and its mission together when decidedr to join msft on sun evening it was clear that was the best path and the team with the new board and satya support saída altman provocar onda chocar mundo ia série reação feira dia anúncio contratação altman microsoft emmett shear cofundador twitch informar aceitar convite assumir posto ceo interino openai demissão altman provocar rebelião empresa criar chatgpt carta publicar meio comunicação americano informar quase funcionário openai ameaçar pedir demissão sam altman ano retornar comando lançamento versão chatgpt novembro tiro largar corridar ia generativo capacidade criar conteúdo texto imagem som instrução usuário openai fundar associação fim lucrativo estabeleceu parceria microsoft investir bilhão dólar permitir acesso infraestrutura tecnológico possibilitar desenvolvimento modelo ia eficiente diretoria presidir bret taylor ano criador google maps ex executivo empresa especializar software salesforce diretor técnico facebook membro administração twitter aquisição rede social elon musk comunicar citar ilya sutskever cientista chefe openai cofundador empresa empresário tasha mccauley helen toner diretor estratégia instituto pesquisa tecnologia indício participar etapa especialista considerar ia generativo ter capacidade transformar setor inteiro economia tecnologia gerar entusiasmo preocupação potencial perigo democracia desinformação largo escala emprego, 0
história fuvest responsável vestibular usp universidade paulo haver obra autor lista leitura obrigatório valer edição processo seletivo escritora nacional estrangeiro escrever português clarice lispector conceição evaristo djaimilia pereira almeida julia lopes almeida lygia fagundes telles narcisa amália nísia floresta paulina chiziane rachel queiroz sophia mello breyner andresen aluísio cotrim segurado pró reitor graduação usp membro fundação acrescentar mudança corajoso necessário afastar qualidade listar fuvest ser ano lista conter obra escritas autora autor negro incidente antares veríssimo obra escolher tratar representante literatura fantástico novidade vestibular gustavo monaco diretor executivo fuvest escolhar predomínio autoro mulher lista negar literatura fazer homem continuar essencial trata trazer público valorizar muito conhecer destacar importância mulher cânone diferente período histórico variado gênero literário perspectiva diversos lista posicionar literatura ferramenta reflexão transformação social opúsculo humanitário nísia florestanebulosas narcisa amáliamemórias martha julia lopes almeidacaminho pedras rachel queirozo cristo cigano sophia mello breyner andresenas meninas lygia fagundes tellesbalada amor vento paulina chizianecanção ninar menino conceição evaristoa visão plantas djaimilia pereira almeida opúsculo humanitário nísia florestanebulosas narcisa amáliamemórias martha julia lopes almeidacaminho pedras rachel queiroza paixão clarice lispectorgeografia sophia mello breyner andresenbalada amor vento paulina chizianecanção ninar menino conceição evaristoa visão plantas djaimilia pereira almeida conselhos filha nísia florestanebulosas narcisa amáliamemórias martha julia lopes almeidajoão miguel rachel queiroza paixão clarice lispectorgeografia sophia mello breyner andresenbalada amor vento paulina chizianecanção ninar menino conceição evaristoa visão plantas djaimilia pereira almeida conselhos filha nísia florestanebulosas narcisa amáliadom casmurro machado assisjoão miguel rachel queiroznós matamos cão tinhoso luís bernardo honwanageografia sophia mello breyner andresenincidente antares érico veríssimocanção ninar menino conceição evaristoa visão plantas djaimilia pereira almeida maratona vestibular andréa luca orientadora educacional especialista língua português literatura brasileiro colégio mopi separar erro corriqueiro português cometir prova confira dica seguir confusão eu utilizar frase verbo eu sujeito verbo normalmente utilizar frase ausência verbo fazer eu afim afim lembre substituir servir locução prepositivo finalidade escrevo hoje demonstrar admiração querir afim plural afim transmitir ideia similar parecido concordamos opinião afim concordar opinião ser afim confusão vir vim vim verbo vir usar remeter acontecer vim amigo vir usar frase estar passado empregado sentido chegar enxergar confira exemplo caso respectivamente vir hoje vir professora diga finalizar trabalho confira fuvest medicina psicologia relação internacional candidato vaga aonde utilizar verbo demonstr permanente ser movimentar conheço nascer aonde indicar movimento ver aonde dissertação saiba tabu mudar vestibular fuvest invés uso invés sugerir oposição ideia contrário indicar substituição confira exemplo abaixo pobreza invés melhorar piora jantar fiz lanche errar descrição discrição desejar descrever algum pessoa usar descrição ato caracterização professor pedir descrição exato imagem exposição discrição remetir alguém carregar característica discreto reservar conto discrição assunto provão paulista ser vaga destinar unicamp processo seletivo conjunção usar oposição dica substituir entanto todavia cinema gostar filme indicar ideia quantidade aumento algum gostaria ganhar dinheiro trabalho confira decoreba professor dica estudar história precisar memorizar data fato dúvida haver houver uso haver fazer sentido existir conjugar verbo haver pessoa singular houve diversos reclamação funcionário houver empregado sentido existir houver reunião pleno domingo equívoco ah haver ah interjeição usar indicar espanto admiração desejo ironiar apelo ah falar haver verbo haver uso sentido existir indicar passado haver ver troca apesar ser preposição sugerir embaixo exemplo confundir achar copo meso coloquar vaso flor mesa leia mau professor fenômeno internet apontar erro grafia comum português confusão meio expressão empregado sentido adjetivo advérbio triste achar meia substantivo pedir roupa numeral friorentar gosto meio dormir encontro marcar dia meia post its casa re esumo mão professor dica estudar biologia vestibular, 0
morte jovem ana clara benevides show taylor swift último feira rio janeiro abalar fã cantora falar trágico episódio repercutir internacionalmente dúvida surgir respeito acontecer ser responsabilizar partida precoce estudante ano envolver acionar judicialmente cantor possibilidade prever código defesa consumidor falar integrante cadeia fornecedor responder dano exatamente ocorrer caso várias empresa envolver realização show afirmar daniel romano hajaj advogado especializar direito consumidor hajaj taylor responder homicídio culposo cantora intimar acionar equipe acompanhar aprovar layout palco dependência estádio responder âmbito penal homicídio culposo cível arcar indenização dano moral material familiar falar jovem ano futuro promissor frente contrapartido advogado mário henrique martins especialista direito difuso coletivo pedro amorim souza advogado coordenador consultiva martins cardozo advogados associados afirmar provável haver responsabilização cantor esfera criminal evento responsabilidade direto empresa organizador artista realizar apresentação salvo haver prova efetivo responsabilidade contratual artista improvável haver responsabilização taylor swift esfera criminal faltar elemento subjetivo indispensável haver culpa dolo cantora ocorrer explicar mário henrique reforçar organizadora turnê taylor brasil responder homicídio culposo empresa organizador ciente risco submeter fã impedir entrar garrafa água instalar tapume redor estádio dia quente ano históriar rio janeiro taylor swift ser alvo crítica fã posicionar respeito morte fã durante show domingo fatalidade cantor citar nome admiradora falar respeito assunto nota postar rede social taylor escrever falar assunto palco próximo apresentação dominar tristeza silêncio artista questionar ter ser orientar equipe jurídico evitar nome atrelar morte ana clara culpabilizar algum maneira responsabilidade cantor independer pronunciamento de ela ser averiguar tecnicamente compor cadeia consumo condição fornecedor serviço determinar atribuir algum responsabilidade reforçar advogado rossana fonseca sócia ndf advogados fãs taylor campanha rede social ajudar família ana clara benevides iniciativa tomar familiar vítima informar estar ter suporte gostar ter dinheiro levar corpo jovem volta mato grosso sul ana clara estudar psicologia rondonópolis ms entretanto corpo de ela sepultar sonora ms cidade mãe de ela morar autoridade responsável investigação ser polícia civil ser ministério público avaliar existência indício robusto prática crime haver constatação existência elemento aptos investigação ser inquérito policial ser inquérito civil início ato investigatório conclua agente envolver responsabilizar finalizar advogado ano taylor swift voltar brasil último feira realizar show abrir público país apesar expectativa empolgaçãor fã passagem cantor americano brasil ser marcar tragédia polêmico admirador artista enfrentar dificuldade compra ingresso condição complicar estádio nilton santos acontecer show rio janeiro momento trágico morte ana clara benevides ano passar apresentação estrear show the eras tour terra brasileiro ana clara estudante psicologia mato grosso sul jovem viajar rio janeiro assistir show cantora passar início apresentação chegar atender posto médico estádio transferir ambulância hospital resistir perícia iml constatar jovem sofrer hemorragia pulmonar transportar corpo família ana clara precisar contar doação financeiro fã arcar custo viagem dia apresentação sensação térmico estádio chegar público presente compartilhar relato rede social dificuldade comprar água contar saída ar engenhão estar bloqueado tapume morte ana clara crítica fã liberar entrada água estádio corpo bombeiros passar molhar fila esperar abertura portão fã organizar distribuir água chegar cantor brasil fã divar pop enfrentar dificuldade venda ingresso marcar ação cambista junho presenciar cambista frente venda físico swifities chamar admirador artista disser sofrer ameaça denúncia polícia civil procon realizar operação impedir ação cambista dia venda show taylor swift marcar acontecer sábado dia ter previsão bater recorde temperatura rio janeiro adiar feira morte jovem condição extremas estádio adiamento fazer hora início show aberturar público estádio ter enfrentar hora fila cancelamento longo fã sofrer queimadura estádio admirador cantor contar queimadura grau ter encostar estrutura metálico montar organização ficar quente causa alto temperatura cancelamento sair engenhão fã enfrentar arrastão porta estádio houve tumulto rede social conferir diverso admirador taylor swift buscar refúgio lanchonete dia apresentaçãor fã relatar rede social medicar remédio psiquiátrico posto médico engenhão pessoa contar chegar procurar ajuda médico passar receber clonazepam equipe presente medicamento controlar usar crise pânico ansiedader convulsão domingo carro comitiva taylor swift apreender autoridade receber denúncia veículo estar placa cobrir plástico preto polícia civil rio condutor responsabilizar crime ocultar adulterar sinal identificador veículo depoimento polícia motorista dizer orientar cobrir placa veículo trafegar faixa exclusivo haver flagrante veículo devolvir investigador solicitar imagem câmera segurança hotel ser analisar tanto polêmica momento delicar próprio taylor swift passar alvo crítica fã cantor desagradar público comentar morte ana clara homenagear abertamente jovem durante show apresentação último feira fã clube organizar protesto memória estudante gabriel mongenot santana milhomem santos ano fã taylor swift haver viajar rio janeiro assistir show cantora jovem matar assalto praia copacabana zona sul cidade esfaquear peito suspeito crime prender passagem políciar, 0
presidente luiz inácio lula silva pt celebrar acordo israel hamas liberação refém durante encontro virtual bloco formar grande economia global feira conjunto desafio exigir vontade político determinação governante dirigente país organismo internacional diálogo recolocar mundo paz prosperidade acrescentar lula indiquei délhi eleger linha ação estruturar trabalho inclusão social combate pobreza ii transição energético desenvolvimento sustentável iii reforma governanço global listar mandatário, 0
cbf confederação brasileira futebol pronunciar madrugada feira confusão envolver torcedor brasileiro argentino policial arquibancada maracanã incidente ocorrer terça durante partida seleção eliminatórias copa mundo minutos começo partida brasileiro vaiar hino argentina iniciar pancadaria polícia militar entrar ação intensificar cena briga bola rolar minuto horário prever plano ação segurança aprovar ressalva recomendação autoridade segurança público presente polícia militar rj sepol ministério público juizado torcedor guarda municipal cet rio subprefeitura concessionária maracanã seop etc dentre polícia militar rj reunião realizar sede federação futebol rio janeiro ferj dia novembro afirmar entidade plano operacional jogo igualmente aprovar ressalva recomendação reunião realizar estádio maracanã presença cbf representante conmebol polícia militar rj empresa responsável operação maracanã operar jogo estádio ano autoridade público campo argentina vencer brasil gol nicolás otamendi triunfo equipe lionel messi manter liderança eliminatórias seleção brasileira cair colocação confederação brasileira futebol prestar seguinte esclarecimento incidente ocorrer jogo brasil argentina realizar terça feira maracanã válido eliminatórias copa mundo fifa novembror plano ação segurançao participante reunião tratar montagem operação partido contar participação parte diretamente envolvir responsável organização partida autoridade público plano operacional jogo igualmente aprovar ressalva recomendação reunião realizar estádio maracanã presença cbf representante conmebol polícia militar rj empresa responsável operação maracanã operar jogo estádio ano autoridade público realização partido torcida misturar ciência polícia militar rj autoridade público padrão competição organizar fifa conmebol ocorrer eliminatórias copa mundo próprio copa mundo copa américa competição jogo brasil argentina apelo semifinal copa américa disputar torcida misturar tratar modelo inventar imposto cbf ser plano ação segurança elaborar dimensionar considerar classificação jogo vermelho presença torcido misturar atuar segurança partida vigilante privado policial militar polícia militar rj único recomendação receber cbf autoridade público longo período anteceder partida brasil argentina recomendação ministério público promotoria justiça tutela coletiva defesa ordem urbanística capital realizem partida futebol ano formato disponibilizaçãor carga total ingresso tíquete eletrônico apresentar mediante exibição aparelho telefoniar celular ocorrer partida copa libertadores dia novembro exijam ano torcedor aproximar catraco exibição evidência físico tíquete papel cartão sócio torcedor torcedor possuir tíquete ingresso aproximar catraco estádio mário filho maracanã modo evitar invasão torcedor possuar ingresso assistir partida, 0
geólogos universidade utrecht países baixos afirmar descobrir história continente perder argolândia regiãor pedaço continente km comprimento ter separar oeste austrália afastar haver cerca milhão ano estrutura fundo mar mostrar continente afastar noroeste terminar hoje localizar ilha sudeste asiático argolândia fragmento região cientista explicar situação sudeste asiático diferente lugar áfrica américa sul continente dividir nitidamente pedaço argolândia ter dividir fragmento diferentes obstruir visão jornada continente explicar desafio cientista perceber fragmento chegar localização atual volta mesmo época esclarecer conectar, 0
jornalista elaine santos ano falecer terça feira internar pneumonia infecção generalizado âncora telejornal canção notícias grávido semana bebê resistir falecer falecimento emissora compartilhar comunicar rede social confirmar morte elaine reforçar trajetória profissional internar manhã feira insuficiência respiratório grávida semana saúde agravar bebê resistir jornalista deixar filho ano léo marido fernando carvalho hoje elaine completar combate deixar lacuna imenso vida redação destacar comunicar emitir jornalismo canção haver ano exercer profissão jornalista canção comprometimento sorriso rosto cativar conviver, 0